{
  "queries": 20,
  "precision": 0.04750000000000001,
  "recall": 0.4269047619047618,
  "f1": 0.08044018944018945,
  "hit@20": 0.6,
  "mrr": 0.1955482456140351,
  "micro_precision": 0.0475,
  "micro_recall": 0.3275862068965517,
  "micro_f1": 0.08296943231441048,
  "retrieval_recall": 0.5786904761904761,
  "retrieval_hit": 0.65,
  "average_retrieved_candidates": 244.5,
  "average_latency_seconds": 10.217049999999997
}