{
  "queries": 5,
  "precision": 0.12,
  "recall": 0.5599999999999999,
  "f1": 0.17939393939393938,
  "hit@10": 0.6,
  "mrr": 0.6,
  "micro_precision": 0.12,
  "micro_recall": 0.5,
  "micro_f1": 0.1935483870967742,
  "retrieval_recall": 0.5599999999999999,
  "retrieval_hit": 0.6,
  "average_retrieved_candidates": 120.0,
  "average_latency_seconds": 18.787200000000002
}