{
  "queries": 5,
  "precision": 0.1,
  "recall": 0.6900000000000001,
  "f1": 0.16432900432900435,
  "hit@10": 1.0,
  "mrr": 0.74,
  "micro_precision": 0.1,
  "micro_recall": 0.4166666666666667,
  "micro_f1": 0.16129032258064516,
  "retrieval_recall": 0.6900000000000001,
  "retrieval_hit": 1.0,
  "average_retrieved_candidates": 333.4,
  "average_latency_seconds": 321.7872
}