{
  "queries": 5,
  "precision": 0.06000000000000001,
  "recall": 0.45,
  "f1": 0.1012987012987013,
  "hit@10": 0.6,
  "mrr": 0.225,
  "micro_precision": 0.06,
  "micro_recall": 0.25,
  "micro_f1": 0.0967741935483871,
  "retrieval_recall": 0.6900000000000001,
  "retrieval_hit": 1.0,
  "average_retrieved_candidates": 451.4,
  "average_latency_seconds": 274.46559999999994
}